,Price,Adjusted Price,ExpiryDate,ExercisePrice,Settlement,Volatility,VolatilityForValuation,EndofDayDelta
0,2.429,2.123428523066987,2024-12-20,5.0,0.19,37.0,37.523,25.5494
1,2.448,2.140038297434329,2024-12-20,5.0,0.19,38.0,38.996,25.1761
2,2.46,2.150528681245281,2024-12-20,5.0,0.19,39.0,39.064,25.6602
3,2.506,2.1345208999609033,2024-12-20,5.0,0.17,36.0,36.601,23.7561
4,2.542,2.2222129706201237,2024-12-20,5.0,0.18,39.0,39.138,24.5539
5,2.621,2.2324737744603063,2024-12-20,5.0,0.19,36.0,36.071,25.2049
6,2.629,2.2392878874689606,2024-12-20,5.0,0.19,36.0,36.16,25.5066
7,2.647,2.254619641738432,2024-12-20,5.0,0.19,35.0,35.74,25.2893
8,2.65,2.2571749341166774,2024-12-20,5.0,0.19,35.0,35.718,25.3758
9,2.697,2.2972078480425204,2024-12-20,5.0,0.23,36.824,36.824,28.4804
10,2.708,2.30657725342942,2024-12-20,5.0,0.21,35.0,35.901,26.7145
11,2.71,2.3082807816815833,2024-12-20,5.0,0.27,38.032,38.032,30.6566
12,2.731,2.3261678283293006,2024-12-20,5.0,0.25,38.717,38.717,29.9618
13,2.743,2.3363889978422816,2024-12-20,5.0,0.27,37.23,37.23,30.4483
14,2.75,2.342351346724854,2024-12-20,5.0,0.22,35.0,35.885,27.2832
15,2.754,2.345758403229181,2024-12-20,5.0,0.22,36.957,36.957,27.828
16,2.77,2.3593866292464893,2024-12-20,5.0,0.25,36.151,36.151,29.0497
17,2.78,2.367904270507307,2024-12-20,5.0,0.24,36.0,36.651,28.737
18,2.808,2.391753666037596,2024-12-20,5.0,0.27,37.147,37.147,30.5772
19,2.83,2.4104924768113953,2024-12-20,5.0,0.25,36.275,36.275,29.5699
20,2.835,2.414751297441804,2024-12-20,5.0,0.25,36.693,36.693,29.1054
21,2.856,2.4967113470067166,2024-12-20,5.0,0.23,34.0,34.24,27.4104
22,2.872,2.5106985254213203,2024-12-20,5.0,0.23,34.0,34.01,27.7105
23,2.887,2.523811505185011,2024-12-20,5.0,0.23,34.0,34.96,27.9783
24,2.974,2.5998667878144177,2024-12-20,5.0,0.26,33.0,33.082,29.6608
25,2.991,2.6147281648799336,2024-12-20,5.0,0.27,33.0,33.811,30.0314
26,2.993,2.616476562181759,2024-12-20,5.0,0.25,34.0,34.188,29.2625
27,3.053,2.668928481236522,2024-12-20,5.0,0.26,33.0,33.279,29.5538
28,3.057,2.6724252758401725,2024-12-20,5.0,0.23,32.0,32.968,27.6789
29,3.058,2.673299474491085,2024-12-20,5.0,0.29,34.0,34.069,31.2891
30,3.064,2.678544666396562,2024-12-20,5.0,0.25,34.0,34.21,29.0643
31,3.066,2.6802930636983873,2024-12-20,5.0,0.23,33.0,33.311,27.6357
32,3.097,2.707393221876681,2024-12-20,5.0,0.27,32.0,32.447,29.9376
33,3.099,2.709141619178507,2024-12-20,5.0,0.28,33.0,33.105,30.9724
34,3.106,2.715261009734896,2024-12-20,5.0,0.29,31.0,31.984,31.0738
35,3.106,2.715261009734896,2024-12-20,5.0,0.29,34.0,34.011,31.2295
36,3.117,2.7248771948949355,2024-12-20,5.0,0.29,33.0,33.682,31.5822
37,3.129,2.735367578705888,2024-12-20,5.0,0.23,31.0,31.944,27.5101
38,3.148,2.75197735307323,2024-12-20,5.0,0.3,33.0,33.644,31.7737
39,3.16,2.7624677368841826,2024-12-20,5.0,0.26,32.0,32.41,29.2749
40,3.163,2.7650903328369205,2024-12-20,5.0,0.28,33.0,33.604,30.7358
41,3.164,2.7659645314878336,2024-12-20,5.0,0.3,33.0,33.481,31.8829
42,3.168,2.769461326091484,2024-12-20,5.0,0.24,32.0,32.693,28.1636
43,3.179,2.779077511251524,2024-12-20,5.0,0.25,31.0,31.785,29.1187
44,3.18,2.779951709902437,2024-12-20,5.0,0.28,33.0,33.103,30.5673
45,3.196,2.7939388883170406,2024-12-20,5.0,0.3,33.0,33.885,31.761
46,3.232,2.8254100397498982,2024-12-20,5.0,0.25,30.0,30.737,29.0611
47,3.232,2.8254100397498982,2024-12-20,5.0,0.25,30.0,30.918,28.6908
48,3.233,2.826284238400811,2024-12-20,5.0,0.26,33.0,33.516,29.638
49,3.235,2.828032635702636,2024-12-20,5.0,0.26,31.0,31.092,29.3723
50,3.24,2.8324036289572,2024-12-20,5.0,0.26,31.0,31.199,29.8669
51,3.402,2.97402381040506,2024-12-20,5.0,0.3,29.0,29.761,31.8472
52,3.425,2.994130379376052,2024-12-20,5.0,0.29,29.0,29.878,31.2429
53,3.428,2.9967529753287905,2024-12-20,5.0,0.29,31.0,31.24,31.445
54,3.43,3.045573607679762,2024-12-20,5.0,0.23,31.0,31.974,28.0679
55,3.43,3.045573607679762,2024-12-20,5.0,0.25,31.0,31.09,29.2437
56,3.456,3.0686595883793752,2024-12-20,5.0,0.27,30.0,30.27,30.8305
57,3.461,3.073099200052378,2024-12-20,5.0,0.26,31.0,31.645,29.8744
58,3.469,3.032595120016212,2024-12-20,5.0,0.3,30.0,30.63,32.1264
59,3.471,3.034343517318037,2024-12-20,5.0,0.25,30.0,30.752,28.8186
60,3.496,3.056198483590855,2024-12-20,5.0,0.33,30.0,30.174,33.956
61,3.498,3.105952326432597,2024-12-20,5.0,0.24,30.0,30.327,28.9804
62,3.499,3.1068402487671976,2024-12-20,5.0,0.25,30.0,30.331,29.1625
63,3.502,3.109504015770999,2024-12-20,5.0,0.26,30.0,30.31,29.9114
64,3.502,3.109504015770999,2024-12-20,5.0,0.28,31.0,31.264,31.0235
65,3.51,3.068437264703633,2024-12-20,5.0,0.29,27.0,27.824,31.9597
66,3.514,3.120159083786205,2024-12-20,5.0,0.26,30.0,30.307,29.6907
67,3.514,3.120159083786205,2024-12-20,5.0,0.27,31.0,31.092,30.4211
68,3.517,3.1228228507900067,2024-12-20,5.0,0.26,30.0,30.94,30.2327
69,3.519,3.076305052561848,2024-12-20,5.0,0.31,29.0,29.282,32.7411
70,3.52,3.0771792512127605,2024-12-20,5.0,0.31,29.0,29.813,32.837
71,3.526,3.1308141518014114,2024-12-20,5.0,0.25,30.0,30.342,29.1827
72,3.527,3.131702074136012,2024-12-20,5.0,0.27,31.0,31.041,30.7502
73,3.529,3.133477918805213,2024-12-20,5.0,0.25,31.0,31.761,29.2573
74,3.53,3.134365841139813,2024-12-20,5.0,0.28,30.0,30.259,31.2824
75,3.539,3.093789025580102,2024-12-20,5.0,0.31,29.0,29.143,32.6907
76,3.543,3.14590883148962,2024-12-20,5.0,0.28,31.0,31.5,31.3474
77,3.544,3.1467967538242205,2024-12-20,5.0,0.25,30.0,30.323,29.3273
78,3.544,3.1467967538242205,2024-12-20,5.0,0.28,31.0,31.575,31.1178
79,3.545,3.099034217485578,2024-12-20,5.0,0.3,29.0,29.685,32.0084
80,3.552,3.105153608041967,2024-12-20,5.0,0.32,29.0,29.368,33.3465
81,3.554,3.1556759771702256,2024-12-20,5.0,0.25,31.0,31.415,29.0005
82,3.565,3.1654431228508315,2024-12-20,5.0,0.27,31.0,31.473,30.6444
83,3.569,3.1689948121892333,2024-12-20,5.0,0.35,30.0,30.826,35.2365
84,3.571,3.1217633824093087,2024-12-20,5.0,0.35,30.0,30.421,34.6351
85,3.573,3.123511779711134,2024-12-20,5.0,0.37,30.0,30.16,36.0069
86,3.581,3.1796498802044395,2024-12-20,5.0,0.26,30.0,30.299,30.1564
87,3.582,3.18053780253904,2024-12-20,5.0,0.29,30.0,30.543,31.7915
88,3.592,3.1401215540784757,2024-12-20,5.0,0.25,27.0,27.466,29.0947
89,3.594,3.191192870554246,2024-12-20,5.0,0.27,30.0,30.385,30.5177
90,3.594,3.191192870554246,2024-12-20,5.0,0.3,31.0,31.009,32.2498
91,3.632,3.224933919269066,2024-12-20,5.0,0.29,31.0,31.103,31.6303
92,3.634,3.226709763938267,2024-12-20,5.0,0.3,31.0,31.312,32.1429
93,3.635,3.1777120960677223,2024-12-20,5.0,0.3,29.0,29.075,32.0992
94,3.64,3.1820830893222865,2024-12-20,5.0,0.33,28.0,28.717,34.0602
95,3.645,3.2364769096188724,2024-12-20,5.0,0.28,30.0,30.497,31.6017
96,3.667,3.2056864528969293,2024-12-20,5.0,0.32,28.0,28.587,33.1369
97,3.676,3.2640025019914884,2024-12-20,5.0,0.12,40.0,40.548,20.4032
98,3.676,3.2640025019914884,2024-12-20,5.0,0.13,40.0,40.474,20.7045
99,3.676,3.2640025019914884,2024-12-20,5.0,0.13,40.0,40.867,21.3934
100,3.676,3.2640025019914884,2024-12-20,5.0,0.13,40.0,40.873,21.2486
101,3.676,3.2640025019914884,2024-12-20,5.0,0.14,39.0,39.687,21.9472
102,3.676,3.2640025019914884,2024-12-20,5.0,0.14,40.0,40.16,22.2514
103,3.676,3.2640025019914884,2024-12-20,5.0,0.15,39.0,39.335,22.8939
104,3.676,3.2640025019914884,2024-12-20,5.0,0.15,39.0,39.69,22.6371
105,3.676,3.2640025019914884,2024-12-20,5.0,0.16,38.0,38.076,23.1453
106,3.676,3.2640025019914884,2024-12-20,5.0,0.16,38.0,38.143,22.9267
107,3.676,3.2640025019914884,2024-12-20,5.0,0.16,38.0,38.637,23.4173
108,3.676,3.2640025019914884,2024-12-20,5.0,0.16,38.0,38.657,23.4295
109,3.676,3.2640025019914884,2024-12-20,5.0,0.16,38.0,38.719,23.6444
110,3.676,3.2640025019914884,2024-12-20,5.0,0.16,39.0,39.139,23.6584
111,3.676,3.2640025019914884,2024-12-20,5.0,0.16,39.0,39.763,23.8221
112,3.676,3.2640025019914884,2024-12-20,5.0,0.16,40.0,40.149,23.2603
113,3.676,3.2640025019914884,2024-12-20,5.0,0.17,38.0,38.003,23.6573
114,3.676,3.2640025019914884,2024-12-20,5.0,0.17,38.0,38.687,24.0205
115,3.676,3.2640025019914884,2024-12-20,5.0,0.31,31.0,31.424,32.9041
116,3.733,3.3146140750637176,2024-12-20,5.0,0.35,30.0,30.629,35.2803
117,3.733,3.3146140750637176,2024-12-20,5.0,0.36,30.0,30.548,35.9974
118,3.737,3.2668803584608197,2024-12-20,5.0,0.34,30.0,30.356,34.8282
119,3.737,3.2668803584608197,2024-12-20,5.0,0.37,31.0,31.137,36.1768
120,3.737,3.31816576440212,2024-12-20,5.0,0.33,30.0,30.464,34.2389
121,3.742,3.3226053760751224,2024-12-20,5.0,0.33,30.0,30.326,34.2411
122,3.749,3.2773707422717724,2024-12-20,5.0,0.32,28.0,28.512,33.316
123,3.755,3.334148366424929,2024-12-20,5.0,0.29,30.0,30.279,32.1418
124,3.771,3.296603112591852,2024-12-20,5.0,0.32,29.0,29.206,33.5316
125,3.772,3.2974773112427647,2024-12-20,5.0,0.33,30.0,30.324,34.141
126,3.772,3.3492430461131377,2024-12-20,5.0,0.33,30.0,30.695,34.4275
127,3.773,3.2983515098936773,2024-12-20,5.0,0.37,29.0,29.817,36.5955
128,3.784,3.359898114128344,2024-12-20,5.0,0.33,30.0,30.642,34.5015
129,3.795,3.317583880213757,2024-12-20,5.0,0.38,30.0,30.295,36.7756
130,3.795,3.317583880213757,2024-12-20,5.0,0.39,30.0,30.251,37.1783
131,3.795,3.317583880213757,2024-12-20,5.0,0.39,30.0,30.35,37.4199
132,3.817,3.336816250533837,2024-12-20,5.0,0.39,30.0,30.514,37.4045
133,3.819,3.3385646478356623,2024-12-20,5.0,0.36,30.0,30.395,35.789
134,3.823,3.3420614424393134,2024-12-20,5.0,0.37,30.0,30.294,36.3536
135,3.834,3.621256693757469,2024-12-20,5.0,0.29,35.0,35.584,34.3647
136,3.837,3.4069579978621714,2024-12-20,5.0,0.32,29.0,29.981,34.1053
137,3.847,3.3630422100612183,2024-12-20,5.0,0.37,30.0,30.438,36.5497
138,3.851,3.3665390046648693,2024-12-20,5.0,0.4,30.0,30.065,38.066
139,3.856,3.3709099979194326,2024-12-20,5.0,0.36,30.0,30.585,36.1147
140,3.859,3.644869478667207,2024-12-20,5.0,0.27,34.0,34.273,33.0807
141,3.86,3.3744067925230836,2024-12-20,5.0,0.38,30.0,30.066,37.0789
142,3.861,3.6467585014599866,2024-12-20,5.0,0.28,34.0,34.826,33.7008
143,3.865,3.3787777857776473,2024-12-20,5.0,0.43,30.0,30.822,39.3316
144,3.866,3.37965198442856,2024-12-20,5.0,0.38,30.0,30.455,36.9811
145,3.868,3.3814003817303853,2024-12-20,5.0,0.34,29.0,29.934,34.7573
146,3.874,3.3866455736358616,2024-12-20,5.0,0.38,30.0,30.491,37.1426
147,3.878,3.3901423682395126,2024-12-20,5.0,0.36,30.0,30.577,35.9549
148,3.88,3.391890765541338,2024-12-20,5.0,0.37,30.0,30.47,36.2794
149,3.88,3.577806726295105,2024-12-20,5.0,0.55,35.0,35.632,45.8961
150,3.882,3.3936391628431637,2024-12-20,5.0,0.38,30.0,30.361,36.8005
151,3.884,3.395387560144989,2024-12-20,5.0,0.37,30.0,30.167,36.1774
152,3.887,3.5842615322446068,2024-12-20,5.0,0.41,36.0,36.262,39.4661
153,3.891,3.6750938433516724,2024-12-20,5.0,0.46,36.0,36.029,42.5169
154,3.892,3.4023811493522906,2024-12-20,5.0,0.38,30.0,30.788,36.8852
155,3.897,3.406752142606854,2024-12-20,5.0,0.39,30.0,30.301,37.3532
156,3.903,3.4119973345123307,2024-12-20,5.0,0.42,30.0,30.134,38.9296
157,3.903,3.6864279801083466,2024-12-20,5.0,0.33,35.0,35.807,36.8821
158,3.906,3.4682246389496068,2024-12-20,5.0,0.33,29.0,29.886,34.6935
159,3.907,3.4154941291159813,2024-12-20,5.0,0.41,30.0,30.228,38.4152
160,3.911,3.5401929672122567,2024-12-20,5.0,0.35,29.0,29.411,36.1837
161,3.913,3.4207393210214576,2024-12-20,5.0,0.36,30.0,30.719,35.9189
162,3.915,3.6100807560426125,2024-12-20,5.0,0.46,36.0,36.165,41.5877
163,3.918,3.5465292880433705,2024-12-20,5.0,0.49,28.0,28.988,43.149
164,3.924,3.706262719432527,2024-12-20,5.0,0.3,34.0,34.195,34.6215
165,3.929,3.434726499436061,2024-12-20,5.0,0.38,30.0,30.518,36.8512
166,3.929,3.434726499436061,2024-12-20,5.0,0.39,30.0,30.712,37.4139
167,3.934,3.4390974926906246,2024-12-20,5.0,0.38,30.0,30.252,37.207
168,3.937,3.4417200886433625,2024-12-20,5.0,0.37,30.0,30.585,36.2948
169,3.942,3.7232639245675387,2024-12-20,5.0,0.31,34.0,34.998,35.6722
170,3.949,3.4522104724543152,2024-12-20,5.0,0.39,30.0,30.401,37.5868
171,3.951,3.7317645271350446,2024-12-20,5.0,0.3,33.0,33.928,35.2023
172,3.956,3.458329863010704,2024-12-20,5.0,0.39,30.0,30.525,37.2784
173,3.956,3.458329863010704,2024-12-20,5.0,0.44,29.0,29.927,40.0263
174,3.956,3.458329863010704,2024-12-20,5.0,0.44,30.0,30.065,39.8947
175,3.973,3.752543777855614,2024-12-20,5.0,0.51,33.0,33.839,45.321
176,3.982,3.6718624701306983,2024-12-20,5.0,0.43,36.0,36.435,40.0288
177,3.985,3.4836816238871733,2024-12-20,5.0,0.43,30.0,30.327,39.4773
178,3.985,3.7638779146122885,2024-12-20,5.0,0.31,34.0,34.01,35.8889
179,3.99,3.7686004715942363,2024-12-20,5.0,0.32,34.0,34.388,36.372
180,3.996,3.6171340058757804,2024-12-20,5.0,0.4,29.0,29.473,38.8321
181,3.999,3.619849571946258,2024-12-20,5.0,0.12,50.0,50.145,22.8512
182,3.999,3.619849571946258,2024-12-20,5.0,0.13,57.0,57.587,26.4159
183,3.999,3.619849571946258,2024-12-20,5.0,0.14,37.0,37.559,21.4487
184,3.999,3.619849571946258,2024-12-20,5.0,0.15,38.0,38.858,23.05
185,3.999,3.619849571946258,2024-12-20,5.0,0.15,39.0,39.175,22.8536
186,3.999,3.619849571946258,2024-12-20,5.0,0.15,40.0,40.739,23.335
187,3.999,3.619849571946258,2024-12-20,5.0,0.16,35.0,35.55,23.0601
188,3.999,3.619849571946258,2024-12-20,5.0,0.16,40.0,40.887,23.8292
189,3.999,3.619849571946258,2024-12-20,5.0,0.16,41.0,41.349,24.0202
190,3.999,3.619849571946258,2024-12-20,5.0,0.16,45.0,45.859,25.5507
191,3.999,3.619849571946258,2024-12-20,5.0,0.17,38.0,38.424,24.6783
192,3.999,3.619849571946258,2024-12-20,5.0,0.17,38.0,38.773,24.5441
193,3.999,3.619849571946258,2024-12-20,5.0,0.17,40.0,40.372,24.9841
194,3.999,3.619849571946258,2024-12-20,5.0,0.18,36.0,36.053,24.6416
195,3.999,3.619849571946258,2024-12-20,5.0,0.18,38.0,38.672,25.0975
196,3.999,3.619849571946258,2024-12-20,5.0,0.18,39.0,39.435,24.933
197,3.999,3.619849571946258,2024-12-20,5.0,0.18,39.0,39.476,25.4273
198,3.999,3.619849571946258,2024-12-20,5.0,0.18,39.0,39.571,25.0305
199,3.999,3.619849571946258,2024-12-20,5.0,0.19,35.0,35.502,25.0462
200,3.999,3.619849571946258,2024-12-20,5.0,0.19,36.0,36.866,25.5891
201,3.999,3.619849571946258,2024-12-20,5.0,0.19,37.0,37.443,25.3861
202,3.999,3.619849571946258,2024-12-20,5.0,0.19,39.0,39.661,25.7825
203,3.999,3.619849571946258,2024-12-20,5.0,0.19,39.0,39.714,25.7026
204,3.999,3.619849571946258,2024-12-20,5.0,0.19,39.0,39.983,25.7956
205,3.999,3.619849571946258,2024-12-20,5.0,0.19,40.0,40.508,26.3516
206,3.999,3.619849571946258,2024-12-20,5.0,0.19,40.0,40.71,25.9964
207,3.999,3.619849571946258,2024-12-20,5.0,0.19,40.0,40.717,26.3316
208,3.999,3.619849571946258,2024-12-20,5.0,0.2,35.0,35.756,26.1562
209,3.999,3.619849571946258,2024-12-20,5.0,0.2,36.0,36.465,26.4383
210,3.999,3.619849571946258,2024-12-20,5.0,0.2,40.0,40.634,26.9034
211,3.999,3.619849571946258,2024-12-20,5.0,0.2,40.0,40.766,26.6884
212,3.999,3.619849571946258,2024-12-20,5.0,0.2,42.0,42.359,27.1933
213,3.999,3.619849571946258,2024-12-20,5.0,0.21,36.0,36.887,26.9138
214,3.999,3.619849571946258,2024-12-20,5.0,0.21,40.0,40.655,27.3312
215,3.999,3.619849571946258,2024-12-20,5.0,0.21,42.0,42.989,28.3849
216,3.999,3.619849571946258,2024-12-20,5.0,0.21,43.0,43.046,28.2321
217,3.999,3.619849571946258,2024-12-20,5.0,0.21,43.0,43.56,28.4102
218,3.999,3.619849571946258,2024-12-20,5.0,0.23,33.0,33.214,27.9067
219,3.999,3.619849571946258,2024-12-20,5.0,0.23,56.0,56.317,33.4845
220,3.999,3.619849571946258,2024-12-20,5.0,0.24,34.0,34.263,28.1687
221,3.999,3.619849571946258,2024-12-20,5.0,0.25,38.0,38.675,29.8698
222,3.999,3.619849571946258,2024-12-20,5.0,0.25,39.0,39.273,29.9032
223,3.999,3.619849571946258,2024-12-20,5.0,0.25,48.0,48.717,32.052
224,3.999,3.619849571946258,2024-12-20,5.0,0.26,34.0,34.88,29.7537
225,3.999,3.619849571946258,2024-12-20,5.0,0.26,38.0,38.81,30.5985
226,3.999,3.619849571946258,2024-12-20,5.0,0.26,38.0,38.833,30.3186
227,3.999,3.619849571946258,2024-12-20,5.0,0.26,39.0,39.148,30.1875
228,3.999,3.619849571946258,2024-12-20,5.0,0.26,39.0,39.372,30.48
229,3.999,3.619849571946258,2024-12-20,5.0,0.26,39.0,39.563,30.2408
230,3.999,3.619849571946258,2024-12-20,5.0,0.27,34.0,34.078,30.2871
231,3.999,3.619849571946258,2024-12-20,5.0,0.27,38.0,38.968,30.9699
232,3.999,3.619849571946258,2024-12-20,5.0,0.28,33.0,33.321,30.8115
233,3.999,3.619849571946258,2024-12-20,5.0,0.28,37.0,37.379,31.3898
234,3.999,3.619849571946258,2024-12-20,5.0,0.28,38.0,38.626,31.6617
235,3.999,3.619849571946258,2024-12-20,5.0,0.28,39.0,39.078,31.3241
236,3.999,3.619849571946258,2024-12-20,5.0,0.29,33.0,33.185,31.288
237,3.999,3.619849571946258,2024-12-20,5.0,0.29,39.0,39.412,31.9245
238,3.999,3.619849571946258,2024-12-20,5.0,0.39,28.0,28.678,38.0822
239,4.002,3.7799346083509104,2024-12-20,5.0,0.32,34.0,34.038,36.4236
240,4.003,3.4994171996036023,2024-12-20,5.0,0.48,30.0,30.689,41.3772
241,4.007,3.5029139942072525,2024-12-20,5.0,0.4,30.0,30.192,38.0717
242,4.008,3.5037881928581656,2024-12-20,5.0,0.45,30.0,30.846,40.2887
243,4.008,3.7856016767292475,2024-12-20,5.0,0.4,32.0,32.936,41.9367
244,4.009,3.7865461881256377,2024-12-20,5.0,0.29,32.0,32.153,34.7556
245,4.012,3.507284987461816,2024-12-20,5.0,0.42,30.0,30.085,38.8485
246,4.012,3.69952592419999,2024-12-20,5.0,0.49,35.0,35.169,43.2521
247,4.014,3.5090333847636423,2024-12-20,5.0,0.45,29.0,29.899,40.368
248,4.016,3.6352377796789623,2024-12-20,5.0,0.54,34.0,34.631,44.7895
249,4.016,3.793157767900364,2024-12-20,5.0,0.35,34.0,34.515,38.2943
250,4.017,3.794102279296754,2024-12-20,5.0,0.26,33.0,33.111,32.3188
251,4.018,3.7950467906931427,2024-12-20,5.0,0.33,34.0,34.08,36.7625
252,4.019,3.795991302089533,2024-12-20,5.0,0.42,35.0,35.975,40.8622
253,4.027,3.5203979672255072,2024-12-20,5.0,0.31,29.0,29.793,32.7634
254,4.027,3.5203979672255072,2024-12-20,5.0,0.45,29.0,29.768,40.3382
255,4.027,3.5203979672255072,2024-12-20,5.0,0.49,29.0,29.772,42.2324
256,4.034,3.5265173577818962,2024-12-20,5.0,0.42,30.0,30.052,39.198
257,4.035,3.811103484431765,2024-12-20,5.0,0.28,32.0,32.414,34.5072
258,4.036,3.5282657550837215,2024-12-20,5.0,0.51,30.0,30.594,42.818
259,4.037,3.6542467421723037,2024-12-20,5.0,0.41,29.0,29.506,39.1529
260,4.039,3.814881530017323,2024-12-20,5.0,0.28,32.0,32.638,34.0555
261,4.046,3.537007741592849,2024-12-20,5.0,0.31,30.0,30.841,32.4718
262,4.046,3.662393440383736,2024-12-20,5.0,0.33,29.0,29.011,35.0851
263,4.047,3.6632986290738945,2024-12-20,5.0,0.37,29.0,29.795,37.1892
264,4.05,3.5405045361964995,2024-12-20,5.0,0.45,30.0,30.001,40.3866
265,4.05,3.5405045361964995,2024-12-20,5.0,0.49,30.0,30.083,41.9846
266,4.051,3.6669193838345313,2024-12-20,5.0,0.39,29.0,29.248,37.9364
267,4.053,3.8281046895667767,2024-12-20,5.0,0.3,33.0,33.625,35.4003
268,4.053,3.8281046895667767,2024-12-20,5.0,0.31,33.0,33.5,36.1666
269,4.055,3.739176875032642,2024-12-20,5.0,0.42,36.0,36.642,39.9183
270,4.063,3.7465537961177864,2024-12-20,5.0,0.48,36.0,36.271,42.8412
271,4.063,3.837549803530672,2024-12-20,5.0,0.32,32.0,32.629,36.4812
272,4.063,3.837549803530672,2024-12-20,5.0,0.33,34.0,34.053,37.3274
273,4.063,3.837549803530672,2024-12-20,5.0,0.52,33.0,33.857,45.9236
274,4.07,3.844161383305399,2024-12-20,5.0,0.29,31.0,31.78,34.8019
275,4.074,3.561485303818405,2024-12-20,5.0,0.48,29.0,29.799,41.6807
276,4.077,3.7594634080167895,2024-12-20,5.0,0.49,36.0,36.352,42.9903
277,4.077,3.8507729630801255,2024-12-20,5.0,0.34,33.0,33.77,37.4496
278,4.079,3.852661985872904,2024-12-20,5.0,0.33,33.0,33.438,37.0358
279,4.079,3.852661985872904,2024-12-20,5.0,0.33,33.0,33.919,36.8507
280,4.081,3.5676046943747943,2024-12-20,5.0,0.5,30.0,30.821,42.2004
281,4.081,3.6940750445393045,2024-12-20,5.0,0.42,29.0,29.394,39.9174
282,4.082,3.5684788930257065,2024-12-20,5.0,0.45,30.0,30.081,40.2183
283,4.084,3.570227290327532,2024-12-20,5.0,0.48,30.0,30.558,41.6158
284,4.087,3.76868455937322,2024-12-20,5.0,0.5,36.0,36.445,43.2619
285,4.091,3.863996122629579,2024-12-20,5.0,0.45,34.0,34.759,42.394
286,4.092,3.704032120131054,2024-12-20,5.0,0.41,29.0,29.157,38.8566
287,4.097,3.777905710729651,2024-12-20,5.0,0.46,35.0,35.694,41.9643
288,4.097,3.8696631910079167,2024-12-20,5.0,0.34,33.0,33.164,37.5933
289,4.099,3.7797499410009374,2024-12-20,5.0,0.5,36.0,36.319,43.4628
290,4.102,3.874385747989864,2024-12-20,5.0,0.48,34.0,34.834,43.7486
291,4.107,3.5903338592985246,2024-12-20,5.0,0.5,30.0,30.652,42.2603
292,4.107,3.879108304971812,2024-12-20,5.0,0.33,32.0,32.951,37.4605
293,4.109,3.8809973277645904,2024-12-20,5.0,0.34,33.0,33.014,37.7088
294,4.109,3.8809973277645904,2024-12-20,5.0,0.35,33.0,33.062,38.4876
295,4.11,3.88194183916098,2024-12-20,5.0,0.33,32.0,32.712,37.3573
296,4.114,3.7239462713145546,2024-12-20,5.0,0.44,29.0,29.632,40.4665
297,4.115,3.724851460004714,2024-12-20,5.0,0.53,36.0,36.259,43.8971
298,4.124,3.7329981582161453,2024-12-20,5.0,0.4,29.0,29.548,38.8367
299,4.126,3.734808535596464,2024-12-20,5.0,0.45,29.0,29.372,41.0667
300,4.128,3.6086920309676915,2024-12-20,5.0,0.5,29.0,29.686,42.7625
301,4.128,3.8064912799345865,2024-12-20,5.0,0.55,35.0,35.829,45.9133
302,4.128,3.8064912799345865,2024-12-20,5.0,0.63,36.0,36.602,48.9636
303,4.135,3.8129460858840876,2024-12-20,5.0,0.49,36.0,36.205,43.1032
304,4.136,3.906499135467108,2024-12-20,5.0,0.33,33.0,33.408,37.2224
305,4.136,3.906499135467108,2024-12-20,5.0,0.34,32.0,32.934,38.1504
306,4.138,3.745670799878373,2024-12-20,5.0,0.43,28.0,28.914,40.5696
307,4.142,3.7492915546390098,2024-12-20,5.0,0.46,29.0,29.466,41.1707
308,4.142,3.7492915546390098,2024-12-20,5.0,0.47,29.0,29.534,41.9784
309,4.142,3.8194008918335896,2024-12-20,5.0,0.5,36.0,36.164,43.6671
310,4.142,3.9121662038454454,2024-12-20,5.0,0.31,35.0,35.727,35.6407
311,4.144,3.6226792093822953,2024-12-20,5.0,0.45,30.0,30.751,40.2562
312,4.155,3.6322953945423353,2024-12-20,5.0,0.48,30.0,30.824,41.7205
313,4.155,3.9244448519985093,2024-12-20,5.0,0.54,34.0,34.489,46.4611
314,4.161,3.7664901397520323,2024-12-20,5.0,0.46,29.0,29.196,41.498
315,4.163,3.768300517132351,2024-12-20,5.0,0.46,28.0,28.736,41.591
316,4.163,3.9320009431696255,2024-12-20,5.0,0.35,32.0,32.526,38.5883
317,4.164,3.697308601276539,2024-12-20,5.0,0.46,28.0,28.734,41.7447
318,4.165,3.6410373810514622,2024-12-20,5.0,0.54,30.0,30.367,44.1751
319,4.166,3.8415316550890233,2024-12-20,5.0,0.48,36.0,36.342,42.7395
320,4.168,3.9367235001515732,2024-12-20,5.0,0.35,32.0,32.638,38.6224
321,4.17,3.7746368379634645,2024-12-20,5.0,0.41,29.0,29.073,39.5975
322,4.171,3.9395570343407416,2024-12-20,5.0,0.32,31.0,31.966,37.3893
323,4.172,3.7764472153437825,2024-12-20,5.0,0.47,29.0,29.04,41.8493
324,4.174,3.7782575927241013,2024-12-20,5.0,0.42,29.0,29.239,39.7577
325,4.176,3.7800679701044193,2024-12-20,5.0,0.47,29.0,29.049,42.2125
326,4.178,4.058090200902009,2024-12-20,5.0,0.31,30.0,30.789,36.9443
327,4.179,3.7827835361748967,2024-12-20,5.0,0.46,28.0,28.98,41.4207
328,4.18,3.7836887248650553,2024-12-20,5.0,0.46,29.0,29.233,41.2968
329,4.18,3.7836887248650553,2024-12-20,5.0,0.47,29.0,29.447,41.8301
330,4.183,3.8572076123949546,2024-12-20,5.0,0.5,36.0,36.188,43.7259
331,4.184,3.787309479625692,2024-12-20,5.0,0.16,37.0,37.95,23.1468
332,4.184,3.787309479625692,2024-12-20,5.0,0.46,29.0,29.276,41.2746
333,4.192,3.722170426645354,2024-12-20,5.0,0.35,29.0,29.592,35.7038
334,4.193,3.6655149432770178,2024-12-20,5.0,0.45,29.0,29.715,40.1439
335,4.194,3.796361366527283,2024-12-20,5.0,0.47,28.0,28.976,41.9134
336,4.194,3.9612807964577006,2024-12-20,5.0,0.5,34.0,34.385,44.9478
337,4.195,3.667263340578844,2024-12-20,5.0,0.5,30.0,30.18,42.6636
338,4.197,3.7990769325977602,2024-12-20,5.0,0.46,29.0,29.0,41.375
339,4.198,3.965058842043259,2024-12-20,5.0,0.57,34.0,34.045,47.8606
340,4.201,3.6725085324843194,2024-12-20,5.0,0.39,30.0,30.425,37.2776
341,4.203,3.804508064738715,2024-12-20,5.0,0.6,34.0,34.162,47.2995
342,4.206,3.9726149332143756,2024-12-20,5.0,0.53,34.0,34.037,46.211
343,4.208,3.8802604907860316,2024-12-20,5.0,0.6,35.0,35.658,47.7535
344,4.217,3.817180706400942,2024-12-20,5.0,0.51,28.0,28.613,44.3514
345,4.218,3.745256407344967,2024-12-20,5.0,0.47,28.0,28.744,41.8347
346,4.226,3.8253274046123744,2024-12-20,5.0,0.15,38.0,38.596,22.8615
347,4.226,3.8253274046123744,2024-12-20,5.0,0.16,38.0,38.624,23.6101
348,4.226,3.8253274046123744,2024-12-20,5.0,0.16,39.0,39.212,23.069
349,4.226,3.8253274046123744,2024-12-20,5.0,0.16,39.0,39.915,23.6655
350,4.226,3.8253274046123744,2024-12-20,5.0,0.17,37.0,37.862,23.6629
351,4.226,3.8253274046123744,2024-12-20,5.0,0.17,37.0,37.984,24.3702
352,4.226,3.8253274046123744,2024-12-20,5.0,0.17,38.0,38.088,24.0233
353,4.226,3.8253274046123744,2024-12-20,5.0,0.17,38.0,38.881,24.0336
354,4.226,3.8253274046123744,2024-12-20,5.0,0.18,34.0,34.988,24.0609
355,4.226,3.8253274046123744,2024-12-20,5.0,0.18,35.0,35.343,24.1566
356,4.226,3.8253274046123744,2024-12-20,5.0,0.18,37.0,37.61,24.3985
357,4.226,3.8253274046123744,2024-12-20,5.0,0.18,39.0,39.007,25.1447
358,4.226,3.8253274046123744,2024-12-20,5.0,0.19,34.0,34.491,24.8957
359,4.226,3.8253274046123744,2024-12-20,5.0,0.19,34.0,34.78,25.1323
360,4.226,3.8253274046123744,2024-12-20,5.0,0.19,38.0,38.857,25.9455
361,4.226,3.8253274046123744,2024-12-20,5.0,0.2,34.0,34.549,25.5551
362,4.226,3.8253274046123744,2024-12-20,5.0,0.2,38.0,38.11,26.299
363,4.226,3.8253274046123744,2024-12-20,5.0,0.21,33.0,33.473,26.2024
364,4.226,3.8253274046123744,2024-12-20,5.0,0.23,32.0,32.6,27.7331
365,4.226,3.8253274046123744,2024-12-20,5.0,0.24,33.0,33.378,28.355
366,4.226,3.8253274046123744,2024-12-20,5.0,0.48,28.0,28.929,42.6335
367,4.226,3.8968585632276067,2024-12-20,5.0,0.54,37.0,37.074,45.2799
368,4.227,3.9924496725385556,2024-12-20,5.0,0.52,34.0,34.451,45.7326
369,4.23,3.9952832067277244,2024-12-20,5.0,0.53,34.0,34.145,46.18
370,4.232,3.8307585367533292,2024-12-20,5.0,0.47,28.0,28.747,42.3424
371,4.238,3.836189668894284,2024-12-20,5.0,0.47,28.0,28.232,42.1
372,4.239,3.7639027763715776,2024-12-20,5.0,0.45,29.0,29.381,40.8715
373,4.24,3.706602279869916,2024-12-20,5.0,0.55,29.0,29.825,44.59
374,4.243,4.121224682246823,2024-12-20,5.0,0.35,30.0,30.729,39.9726
375,4.243,4.121224682246823,2024-12-20,5.0,0.36,30.0,30.879,40.2032
376,4.244,3.841620801035238,2024-12-20,5.0,0.46,28.0,28.879,41.4984
377,4.244,3.913456635669182,2024-12-20,5.0,0.53,35.0,35.598,44.8462
378,4.244,4.008506366277177,2024-12-20,5.0,0.55,33.0,33.986,47.0915
379,4.252,3.920833556754326,2024-12-20,5.0,0.53,36.0,36.312,44.7243
380,4.267,3.8624401409088978,2024-12-20,5.0,0.5,28.0,28.898,43.6579
381,4.274,4.036841708168863,2024-12-20,5.0,0.36,31.0,31.866,39.9235
382,4.275,3.7958679804171966,2024-12-20,5.0,0.45,29.0,29.016,40.9217
383,4.279,3.873302405190807,2024-12-20,5.0,0.53,34.0,34.091,44.6678
384,4.284,3.950341241094905,2024-12-20,5.0,0.52,36.0,36.204,44.3775
385,4.284,4.046286822132759,2024-12-20,5.0,0.57,34.0,34.023,48.0426
386,4.287,3.8805439147120797,2024-12-20,5.0,0.61,35.0,35.689,47.3272
387,4.288,4.0500648677183175,2024-12-20,5.0,0.56,34.0,34.0,47.613
388,4.292,3.7520606097173768,2024-12-20,5.0,0.54,29.0,29.909,44.3453
389,4.293,3.8859750468530345,2024-12-20,5.0,0.49,28.0,28.815,43.3956
390,4.293,4.054787424700264,2024-12-20,5.0,0.36,31.0,31.599,40.2396
391,4.295,3.8877854242333525,2024-12-20,5.0,0.49,33.0,33.99,42.9113
392,4.298,3.89050099030383,2024-12-20,5.0,0.56,35.0,35.226,45.6938
393,4.3,3.9650950832651937,2024-12-20,5.0,0.53,35.0,35.671,45.0829
394,4.302,3.894121745064466,2024-12-20,5.0,0.5,28.0,28.565,43.7179
395,4.304,3.8959321224447847,2024-12-20,5.0,0.53,28.0,28.256,45.2253
396,4.31,3.9013632545857386,2024-12-20,5.0,0.48,28.0,28.8,42.9951
397,4.31,4.070844118438886,2024-12-20,5.0,0.32,32.0,32.524,37.0835
398,4.311,4.071788629835276,2024-12-20,5.0,0.5,33.0,33.889,44.8652
399,4.313,3.904078820656216,2024-12-20,5.0,0.48,28.0,28.895,42.6117
400,4.315,3.97892681029984,2024-12-20,5.0,0.58,35.0,35.484,47.1823
401,4.323,4.083122766591951,2024-12-20,5.0,0.34,31.0,31.007,39.3061
402,4.33,3.919467028388921,2024-12-20,5.0,0.47,28.0,28.313,42.4661
403,4.331,3.9203722170790805,2024-12-20,5.0,0.5,29.0,29.027,43.5129
404,4.334,3.996446997877058,2024-12-20,5.0,0.6,36.0,36.42,47.4953
405,4.334,3.996446997877058,2024-12-20,5.0,0.72,36.0,36.48,52.0344
406,4.337,3.999213343283987,2024-12-20,5.0,0.56,35.0,35.548,46.0698
407,4.339,4.001057573555274,2024-12-20,5.0,0.64,36.0,36.71,49.162
408,4.339,4.098234948934183,2024-12-20,5.0,0.34,31.0,31.146,38.814
409,4.345,4.006590264369132,2024-12-20,5.0,0.68,36.0,36.783,50.758
410,4.348,3.935760424811785,2024-12-20,5.0,0.46,28.0,28.925,41.7799
411,4.35,4.2251537515375155,2024-12-20,5.0,0.32,30.0,30.52,38.1725
412,4.351,3.9384759908822624,2024-12-20,5.0,0.69,33.0,33.193,50.8194
413,4.355,4.113347131276416,2024-12-20,5.0,0.7,33.0,33.185,53.3402
414,4.357,4.017655645996849,2024-12-20,5.0,0.65,37.0,37.165,49.3636
415,4.361,3.947527877783853,2024-12-20,5.0,0.51,36.0,36.09,43.1746
416,4.372,3.9574849533756034,2024-12-20,5.0,0.52,28.0,28.536,44.9782
417,4.373,4.130348336411427,2024-12-20,5.0,0.59,33.0,33.904,48.9138
418,4.379,3.9638212742067167,2024-12-20,5.0,0.54,28.0,28.875,45.4772
419,4.382,4.138848938978932,2024-12-20,5.0,0.58,34.0,34.189,48.331
420,4.383,3.9674420289673535,2024-12-20,5.0,0.54,27.0,27.775,45.758
421,4.385,3.9692524063476715,2024-12-20,5.0,0.53,28.0,28.68,45.2091
422,4.388,3.971967972418149,2024-12-20,5.0,0.5,28.0,28.792,43.8735
423,4.389,4.047163330337427,2024-12-20,5.0,0.6,35.0,35.187,47.8982
424,4.4,3.982830236700059,2024-12-20,5.0,0.51,28.0,28.778,44.2012
425,4.4,3.982830236700059,2024-12-20,5.0,0.56,28.0,28.435,46.476
426,4.4,4.155850144113945,2024-12-20,5.0,0.62,34.0,34.001,49.728
427,4.402,4.157739166906723,2024-12-20,5.0,0.66,34.0,34.67,50.6446
428,4.405,3.9873561801508544,2024-12-20,5.0,0.53,28.0,28.647,44.9822
429,4.405,4.278575235752358,2024-12-20,5.0,0.39,29.0,29.311,43.0292
430,4.405,4.278575235752358,2024-12-20,5.0,0.41,29.0,29.905,44.0641
431,4.413,4.286345633456335,2024-12-20,5.0,0.39,29.0,29.301,43.2639
432,4.42,4.00093401050324,2024-12-20,5.0,0.52,28.0,28.747,44.8262
433,4.422,4.295087330873309,2024-12-20,5.0,0.38,30.0,30.491,42.1124
434,4.423,4.003649576573718,2024-12-20,5.0,0.54,27.0,27.437,45.8267
435,4.424,4.297029930299304,2024-12-20,5.0,0.43,29.0,29.319,45.8178
436,4.429,4.183240974609241,2024-12-20,5.0,0.35,30.0,30.468,40.1583
437,4.429,4.183240974609241,2024-12-20,5.0,0.38,30.0,30.156,42.0087
438,4.43,4.009985897404832,2024-12-20,5.0,0.48,27.0,27.847,43.0529
439,4.435,4.188908042987578,2024-12-20,5.0,0.63,34.0,34.073,49.7732
440,4.44,4.019037784306423,2024-12-20,5.0,0.56,29.0,29.118,46.2608
441,4.44,4.094191202255224,2024-12-20,5.0,0.66,36.0,36.391,49.9759
442,4.441,4.019942972996581,2024-12-20,5.0,0.62,28.0,28.85,48.5985
443,4.45,4.103412353611654,2024-12-20,5.0,0.59,35.0,35.202,47.553
444,4.453,4.030805237278491,2024-12-20,5.0,0.5,28.0,28.222,44.2666
445,4.458,4.035331180729287,2024-12-20,5.0,0.57,28.0,28.673,46.8174
446,4.467,4.043477878940718,2024-12-20,5.0,0.51,27.0,27.372,44.6549
447,4.467,4.043477878940718,2024-12-20,5.0,0.56,28.0,28.907,46.0539
448,4.467,4.219132407672043,2024-12-20,5.0,0.65,34.0,34.08,50.6458
449,4.468,4.220076919068433,2024-12-20,5.0,0.63,33.0,33.776,50.1224
450,4.469,4.045288256321037,2024-12-20,5.0,0.57,29.0,29.13,46.5696
451,4.473,4.048909011081673,2024-12-20,5.0,0.6,28.0,28.475,48.0709
452,4.474,4.34559491594916,2024-12-20,5.0,0.41,29.0,29.713,43.7757
453,4.476,4.05162457715215,2024-12-20,5.0,0.57,28.0,28.749,46.7531
454,4.477,4.477,2024-12-20,5.0,0.42,27.0,27.629,48.5023
455,4.487,4.061581652743901,2024-12-20,5.0,0.53,28.0,28.84,44.7394
456,4.488,4.238967146996224,2024-12-20,5.0,0.61,34.0,34.114,49.1196
457,4.488,4.35919311193112,2024-12-20,5.0,0.42,29.0,29.266,44.8122
458,4.489,4.063392030124219,2024-12-20,5.0,0.57,28.0,28.853,46.6057
459,4.492,4.242745192581782,2024-12-20,5.0,0.61,34.0,34.081,49.0527
460,4.496,4.24652323816734,2024-12-20,5.0,0.68,34.0,34.221,51.6017
461,4.502,4.372791307913079,2024-12-20,5.0,0.4,29.0,29.172,44.628
462,4.505,4.3757052070520706,2024-12-20,5.0,0.45,29.0,29.074,46.9082
463,4.51,4.3805617056170565,2024-12-20,5.0,0.38,29.0,29.616,42.6264
464,4.511,4.1596613768858814,2024-12-20,5.0,0.66,37.0,37.382,49.8247
465,4.52,4.3902747027470275,2024-12-20,5.0,0.44,29.0,29.157,46.3405
466,4.521,4.521,2024-12-20,5.0,0.33,27.0,27.611,42.0959
467,4.529,4.277692114248194,2024-12-20,5.0,0.65,33.0,33.416,50.6341
468,4.53,4.399987699876999,2024-12-20,5.0,0.45,30.0,30.329,45.8432
469,4.537,4.106841087251856,2024-12-20,5.0,0.55,28.0,28.893,45.7851
470,4.542,4.111367030702651,2024-12-20,5.0,0.57,34.0,34.281,46.2457
471,4.543,4.1122722193928105,2024-12-20,5.0,0.57,34.0,34.692,46.0243
472,4.55,4.419413694136941,2024-12-20,5.0,0.44,29.0,29.205,46.2412
473,4.552,4.120418917604242,2024-12-20,5.0,0.59,28.0,28.326,47.6139
474,4.552,4.2994158763651535,2024-12-20,5.0,0.69,34.0,34.987,51.5356
475,4.554,4.423298892988931,2024-12-20,5.0,0.43,30.0,30.128,45.8694
476,4.557,4.124944861055038,2024-12-20,5.0,0.58,28.0,28.156,47.411
477,4.558,4.30508294474349,2024-12-20,5.0,0.68,34.0,34.371,51.5904
478,4.561,4.307916478932659,2024-12-20,5.0,0.6,31.0,31.479,50.8079
479,4.569,4.569,2024-12-20,5.0,0.41,27.0,27.091,48.0754
480,4.573,4.139427880097584,2024-12-20,5.0,0.62,28.0,28.65,48.5351
481,4.577,4.577,2024-12-20,5.0,0.38,27.0,27.398,45.5839
482,4.58,4.325862195464061,2024-12-20,5.0,0.65,34.0,34.064,50.715
483,4.582,4.582,2024-12-20,5.0,0.34,27.0,27.412,43.3272
484,4.587,4.332473775238787,2024-12-20,5.0,0.63,32.0,32.015,51.6138
485,4.594,4.3390853550135144,2024-12-20,5.0,0.73,33.0,33.465,53.9552
486,4.597,4.238963278551186,2024-12-20,5.0,0.89,35.0,35.91,57.1634
487,4.606,4.350419491770189,2024-12-20,5.0,0.65,31.0,31.31,52.6172
488,4.606,4.47380647806478,2024-12-20,5.0,0.42,29.0,29.733,45.4096
489,4.609,4.172014672943312,2024-12-20,5.0,0.59,29.0,29.817,48.0755
490,4.613,4.1756354277039485,2024-12-20,5.0,0.56,29.0,29.478,46.875
491,4.615,4.177445805084266,2024-12-20,5.0,0.69,32.0,32.999,51.0422
492,4.629,4.372143253887147,2024-12-20,5.0,0.69,33.0,33.23,53.0362
493,4.63,4.373087765283537,2024-12-20,5.0,0.74,33.0,33.946,53.8334
494,4.63,4.497117671176712,2024-12-20,5.0,0.43,28.0,28.832,46.44
495,4.631,4.374032276679927,2024-12-20,5.0,0.69,32.0,32.463,53.1667
496,4.634,4.376865810869096,2024-12-20,5.0,0.64,31.0,31.396,52.3773
497,4.644,4.20369627709888,2024-12-20,5.0,0.69,33.0,33.013,50.7526
498,4.644,4.386310924832991,2024-12-20,5.0,0.73,33.0,33.235,54.2178
499,4.646,4.205506654479198,2024-12-20,5.0,0.71,33.0,33.312,51.4239
500,4.647,4.38914445902216,2024-12-20,5.0,0.68,33.0,33.367,52.5902
501,4.649,4.391033481814938,2024-12-20,5.0,0.7,33.0,33.234,53.613
502,4.65,4.391977993211328,2024-12-20,5.0,0.68,33.0,33.042,52.772
503,4.65,4.391977993211328,2024-12-20,5.0,0.73,33.0,33.057,54.1838
504,4.652,4.393867016004107,2024-12-20,5.0,0.7,33.0,33.042,53.6844
505,4.653,4.394811527400496,2024-12-20,5.0,0.74,33.0,33.507,54.2294
506,4.655,4.396700550193276,2024-12-20,5.0,0.57,33.0,33.524,48.4368
507,4.66,4.401423107175224,2024-12-20,5.0,0.62,29.0,29.968,54.16
508,4.66,4.66,2024-12-20,5.0,0.42,27.0,27.236,48.382
509,4.662,4.403312129968002,2024-12-20,5.0,0.74,33.0,33.247,54.8992
510,4.663,4.220894862211903,2024-12-20,5.0,0.63,33.0,33.019,48.8774
511,4.663,4.404256641364392,2024-12-20,5.0,0.74,33.0,33.501,54.1908
512,4.664,4.405201152760781,2024-12-20,5.0,0.65,31.0,31.73,52.4603
513,4.667,4.667,2024-12-20,5.0,0.44,27.0,27.755,49.3167
514,4.67,4.410868221139118,2024-12-20,5.0,0.64,32.0,32.03,52.0408
515,4.67,4.5359696596965975,2024-12-20,5.0,0.47,28.0,28.646,49.3139
516,4.671,4.671,2024-12-20,5.0,0.42,27.0,27.321,48.3481
517,4.672,4.412757243931897,2024-12-20,5.0,0.72,33.0,33.614,53.6768
518,4.678,4.678,2024-12-20,5.0,0.42,27.0,27.675,48.7327
519,4.68,4.420313335103013,2024-12-20,5.0,0.73,32.0,32.283,55.0441
520,4.682,4.422202357895793,2024-12-20,5.0,0.68,32.0,32.457,53.1779
521,4.684,4.424091380688572,2024-12-20,5.0,0.64,31.0,31.46,52.2351
522,4.686,4.686,2024-12-20,5.0,0.42,27.0,27.463,48.6622
523,4.689,4.2444297681560395,2024-12-20,5.0,0.67,33.0,33.1,50.2631
524,4.69,4.4297584490669095,2024-12-20,5.0,0.6,31.0,31.798,50.3432
525,4.69,4.4297584490669095,2024-12-20,5.0,0.69,32.0,32.261,53.6721
526,4.69,4.55539565395654,2024-12-20,5.0,0.46,29.0,29.296,48.4904
527,4.694,4.433536494652468,2024-12-20,5.0,0.71,33.0,33.161,53.7765
528,4.695,4.560252152521525,2024-12-20,5.0,0.47,28.0,28.696,49.2923
529,4.7,4.565108651086511,2024-12-20,5.0,0.49,28.0,28.207,50.557
530,4.701,4.440148074427194,2024-12-20,5.0,0.68,33.0,33.134,52.8613
531,4.704,4.442981608616362,2024-12-20,5.0,0.66,31.0,31.719,52.6746
532,4.707,4.445815142805531,2024-12-20,5.0,0.65,31.0,31.383,52.9
533,4.708,4.5728790487904885,2024-12-20,5.0,0.44,27.0,27.971,48.3923
534,4.71,4.71,2024-12-20,5.0,0.46,27.0,27.21,51.2059
535,4.712,4.576764247642476,2024-12-20,5.0,0.51,28.0,28.097,51.5288
536,4.715,4.453371233976648,2024-12-20,5.0,0.63,31.0,31.577,51.7872
537,4.716,4.454315745373037,2024-12-20,5.0,0.68,32.0,32.646,52.9438
538,4.718,4.456204768165816,2024-12-20,5.0,0.67,31.0,31.425,53.5025
539,4.719,4.457149279562206,2024-12-20,5.0,0.71,32.0,32.571,53.9582
540,4.721,4.585505945059451,2024-12-20,5.0,0.46,29.0,29.201,48.6465
541,4.722,4.586477244772448,2024-12-20,5.0,0.57,27.0,27.89,55.5159
542,4.725,4.356994015913497,2024-12-20,5.0,0.72,33.0,33.063,53.4363
543,4.726,4.463760859336932,2024-12-20,5.0,0.61,30.0,30.024,51.8528
544,4.729,4.280637315762404,2024-12-20,5.0,0.89,34.0,34.142,57.5194
545,4.73,4.73,2024-12-20,5.0,0.46,27.0,27.11,50.8346
546,4.731,4.46848341631888,2024-12-20,5.0,0.65,31.0,31.855,52.332
547,4.737,4.601046740467405,2024-12-20,5.0,0.44,28.0,28.545,48.8368
548,4.738,4.475094996093607,2024-12-20,5.0,0.68,29.0,29.975,54.9476
549,4.738,4.738,2024-12-20,5.0,0.44,26.0,26.986,49.7976
550,4.74,4.74,2024-12-20,5.0,0.48,27.0,27.622,51.4955
551,4.741,4.6049319393193935,2024-12-20,5.0,0.46,28.0,28.546,49.4737
552,4.747,4.483595598661112,2024-12-20,5.0,0.74,31.0,31.89,55.528
553,4.747,4.610759737597376,2024-12-20,5.0,0.43,27.0,27.962,48.4161
554,4.747,4.610759737597376,2024-12-20,5.0,0.47,28.0,28.669,49.4678
555,4.75,4.75,2024-12-20,5.0,0.47,27.0,27.57,51.1324
556,4.751,4.614644936449365,2024-12-20,5.0,0.46,28.0,28.783,48.4934
557,4.752,4.615616236162362,2024-12-20,5.0,0.47,28.0,28.487,49.7157
558,4.758,4.3068877877770175,2024-12-20,5.0,0.77,32.0,32.698,53.8498
559,4.76,4.76,2024-12-20,5.0,0.48,26.0,26.74,52.6021
560,4.762,4.3105085425376535,2024-12-20,5.0,0.77,33.0,33.851,53.8783
561,4.762,4.625329233292333,2024-12-20,5.0,0.45,27.0,27.969,49.7717
562,4.77,4.63309963099631,2024-12-20,5.0,0.49,28.0,28.143,50.9147
563,4.771,4.771,2024-12-20,5.0,0.47,26.0,26.903,51.7203
564,4.778,4.512875451949188,2024-12-20,5.0,0.73,32.0,32.692,54.7376
565,4.779,4.779,2024-12-20,5.0,0.45,27.0,27.658,50.1085
566,4.78,4.326801938960518,2024-12-20,5.0,0.76,35.0,35.22,53.2961
567,4.78,4.78,2024-12-20,5.0,0.41,26.0,26.755,48.6711
568,4.783,4.645726527265273,2024-12-20,5.0,0.49,28.0,28.649,50.162
569,4.787,4.521376054516693,2024-12-20,5.0,0.69,31.0,31.415,55.2429
570,4.788,4.334043448481791,2024-12-20,5.0,0.81,33.0,33.682,55.1971
571,4.788,4.415087269459011,2024-12-20,5.0,0.72,32.0,32.981,53.348
572,4.796,4.422464190544156,2024-12-20,5.0,0.75,33.0,33.22,54.1643
573,4.8,4.662238622386224,2024-12-20,5.0,0.47,28.0,28.341,49.2297
574,4.802,4.346716090144018,2024-12-20,5.0,0.78,32.0,32.744,54.257
575,4.81,4.81,2024-12-20,5.0,0.46,26.0,26.739,51.6506
576,4.813,4.4381401478500875,2024-12-20,5.0,0.85,34.0,34.61,56.044
577,4.814,4.546877862219211,2024-12-20,5.0,0.68,29.0,29.97,55.0037
578,4.816,4.359388731806246,2024-12-20,5.0,0.76,34.0,34.663,53.3898
579,4.816,4.5487668850119904,2024-12-20,5.0,0.71,29.0,29.701,56.2386
580,4.822,4.554433953390327,2024-12-20,5.0,0.61,30.0,30.027,53.4176
581,4.831,4.372966562158632,2024-12-20,5.0,0.81,34.0,34.642,54.7062
582,4.832,4.373871750848791,2024-12-20,5.0,0.8,32.0,32.37,54.7536
583,4.833,4.45658245056295,2024-12-20,5.0,0.73,34.0,34.007,53.2548
584,4.833,4.69429151291513,2024-12-20,5.0,0.54,28.0,28.264,53.7197
585,4.836,4.567657112939782,2024-12-20,5.0,0.65,30.0,30.789,53.1403
586,4.838,4.56954613573256,2024-12-20,5.0,0.68,29.0,29.682,55.0137
587,4.839,4.380208071679905,2024-12-20,5.0,0.83,32.0,32.995,56.0399
588,4.841,4.382018449060223,2024-12-20,5.0,0.76,32.0,32.614,53.3673
589,4.842,4.382923637750382,2024-12-20,5.0,0.79,32.0,32.805,54.6656
590,4.846,4.468569947326309,2024-12-20,5.0,0.62,35.0,35.323,48.755
591,4.851,4.581824783885624,2024-12-20,5.0,0.66,32.0,32.137,53.9641
592,4.863,4.4019326002437245,2024-12-20,5.0,0.75,33.0,33.068,53.3159
593,4.863,4.4019326002437245,2024-12-20,5.0,0.82,34.0,34.869,55.0613
594,4.865,4.486090134903527,2024-12-20,5.0,0.86,35.0,35.728,56.0573
595,4.865,4.595047943435078,2024-12-20,5.0,0.62,30.0,30.102,53.8811
596,4.866,4.595992454831467,2024-12-20,5.0,0.63,29.0,29.629,54.7184
597,4.868,4.406458543694519,2024-12-20,5.0,0.84,33.0,33.529,56.2036
598,4.87,4.5997705004170255,2024-12-20,5.0,0.64,29.0,29.608,55.0459
599,4.873,4.410984487145315,2024-12-20,5.0,0.88,34.0,34.703,56.9683
600,4.874,4.494389171124315,2024-12-20,5.0,0.92,36.0,36.256,57.9106
601,4.875,4.412794864525633,2024-12-20,5.0,0.71,29.0,29.556,52.7541
602,4.881,4.61016012577731,2024-12-20,5.0,0.68,31.0,31.802,54.8436
603,4.884,4.612993659966479,2024-12-20,5.0,0.69,29.0,29.74,55.2703
604,4.885,4.421846751427224,2024-12-20,5.0,0.72,30.0,30.764,52.5339
605,4.885,4.504532437616389,2024-12-20,5.0,0.77,33.0,33.46,54.5704
606,4.885,4.613938171362868,2024-12-20,5.0,0.68,29.0,29.818,56.4354
607,4.885,4.613938171362868,2024-12-20,5.0,0.71,31.0,31.653,56.0904
608,4.889,4.617716216948426,2024-12-20,5.0,0.67,29.0,29.663,56.2281
609,4.892,4.428183072258338,2024-12-20,5.0,0.76,31.0,31.913,53.6079
610,4.892,4.620549751137595,2024-12-20,5.0,0.65,31.0,31.965,53.4806
611,4.892,4.751598195981961,2024-12-20,5.0,0.52,28.0,28.954,51.868
612,4.899,4.75839729397294,2024-12-20,5.0,0.54,28.0,28.009,53.6814
613,4.901,4.6290503537051,2024-12-20,5.0,0.61,29.0,29.905,53.482
614,4.903,4.762282492824928,2024-12-20,5.0,0.51,28.0,28.069,51.8677
615,4.908,4.767138991389914,2024-12-20,5.0,0.55,27.0,27.536,54.4917
616,4.913,4.447192034751679,2024-12-20,5.0,0.83,32.0,32.471,56.1404
617,4.916,4.643218024650944,2024-12-20,5.0,0.67,31.0,31.445,54.9241
618,4.917,4.450812789512315,2024-12-20,5.0,0.88,34.0,34.643,56.9878
619,4.919,4.646051558840112,2024-12-20,5.0,0.74,31.0,31.114,57.3838
620,4.921,4.647940581632891,2024-12-20,5.0,0.63,29.0,29.2,54.8501
621,4.924,4.540494927906469,2024-12-20,5.0,0.91,35.0,35.605,58.006
622,4.929,4.461675053794225,2024-12-20,5.0,0.86,35.0,35.676,55.961
623,4.931,4.463485431174543,2024-12-20,5.0,0.8,33.0,33.661,54.7182
624,4.931,4.463485431174543,2024-12-20,5.0,0.9,33.0,33.739,57.5853
625,4.933,4.6592747183895655,2024-12-20,5.0,0.6,29.0,29.662,53.4548
626,4.936,4.4680113746253385,2024-12-20,5.0,0.79,29.0,29.538,55.3705
627,4.939,4.7972492824928255,2024-12-20,5.0,0.55,27.0,27.358,54.5881
628,4.941,4.799191881918819,2024-12-20,5.0,0.6,27.0,27.209,57.9069
629,4.942,4.473442506766293,2024-12-20,5.0,0.74,32.0,32.306,53.3323
630,4.944,4.66966434374985,2024-12-20,5.0,0.69,31.0,31.802,55.0203
631,4.944,4.8021057810578105,2024-12-20,5.0,0.53,27.0,27.651,53.4368
632,4.945,4.559859345754973,2024-12-20,5.0,0.92,35.0,35.11,58.3298
633,4.951,4.481589204977724,2024-12-20,5.0,0.84,32.0,32.495,56.3292
634,4.953,4.810847478474785,2024-12-20,5.0,0.53,28.0,28.288,53.1178
635,4.958,4.815703977039771,2024-12-20,5.0,0.58,27.0,27.347,56.6833
636,4.959,4.488830714498997,2024-12-20,5.0,0.83,34.0,34.83,55.4977
637,4.961,4.490641091879316,2024-12-20,5.0,1.0,30.0,30.267,61.6569
638,4.965,4.494261846639952,2024-12-20,5.0,0.82,34.0,34.425,55.1355
639,4.969,4.826388273882739,2024-12-20,5.0,0.55,27.0,27.608,54.6719
640,4.972,4.5005981674710664,2024-12-20,5.0,0.85,31.0,31.758,56.407
641,4.973,4.501503356161225,2024-12-20,5.0,0.81,32.0,32.547,55.317
642,4.973,4.501503356161225,2024-12-20,5.0,0.93,34.0,34.429,58.4267
643,4.987,4.514175997823453,2024-12-20,5.0,0.82,29.0,29.625,56.4176
644,4.99,4.713111867983769,2024-12-20,5.0,0.69,31.0,31.821,55.3012
645,4.991,4.714056379380158,2024-12-20,5.0,0.6,29.0,29.6,53.3656
646,4.996,4.718778936362106,2024-12-20,5.0,0.66,30.0,30.95,54.7675
647,4.996,4.852613366133662,2024-12-20,5.0,0.56,27.0,27.47,55.2369
648,4.998,4.524133073415203,2024-12-20,5.0,0.79,29.0,29.988,55.2009
649,5.0,4.7225569819476645,2024-12-20,5.0,0.74,29.0,29.582,59.1142
650,5.004,4.529564205556157,2024-12-20,5.0,0.9,33.0,33.999,57.6137
651,5.006,4.5313745829364755,2024-12-20,5.0,0.82,31.0,31.861,55.6804
652,5.008,4.5331849603167935,2024-12-20,5.0,0.91,33.0,33.829,58.18
653,5.016,4.737669164289897,2024-12-20,5.0,0.75,31.0,31.808,57.6506
654,5.016,4.872039360393604,2024-12-20,5.0,0.58,27.0,27.031,57.1456
655,5.018,4.542236847218384,2024-12-20,5.0,0.86,34.0,34.136,56.6119
656,5.02,4.741447209875455,2024-12-20,5.0,0.74,31.0,31.125,57.5856
657,5.026,4.549478356739657,2024-12-20,5.0,0.82,32.0,32.789,55.6297
658,5.03,4.75089232383935,2024-12-20,5.0,0.74,31.0,31.691,57.3192
659,5.03,4.885637556375564,2024-12-20,5.0,0.57,27.0,27.279,56.2509
660,5.032,4.554909488880613,2024-12-20,5.0,0.71,29.0,29.356,52.7024
661,5.032,4.752781346632129,2024-12-20,5.0,0.76,31.0,31.889,57.6741
662,5.034,4.754670369424908,2024-12-20,5.0,0.79,31.0,31.843,58.8962
663,5.036,4.756559392217687,2024-12-20,5.0,0.76,30.0,30.941,58.4598
664,5.05,4.769782551767141,2024-12-20,5.0,0.72,30.0,30.926,57.1825
665,5.056,4.576634017444431,2024-12-20,5.0,0.83,34.0,34.579,55.5086
666,5.06,4.580254772205067,2024-12-20,5.0,0.8,30.0,30.659,55.4375
667,5.062,4.582065149585386,2024-12-20,5.0,0.8,29.0,29.029,56.1977
668,5.062,4.582065149585386,2024-12-20,5.0,0.8,29.0,29.81,55.7302
669,5.066,4.784894734109374,2024-12-20,5.0,0.72,30.0,30.25,57.6135
670,5.068,4.58749628172634,2024-12-20,5.0,0.79,29.0,29.24,55.6128
671,5.072,4.79056180248771,2024-12-20,5.0,0.74,31.0,31.564,57.2834
672,5.076,4.594737791247613,2024-12-20,5.0,0.89,33.0,33.899,57.4839
673,5.086,4.603789678149204,2024-12-20,5.0,0.79,30.0,30.566,55.2951
674,5.092,4.609220810290158,2024-12-20,5.0,0.91,32.0,32.699,58.3942
675,5.094,4.811341053208281,2024-12-20,5.0,0.77,31.0,31.478,58.3915
676,5.118,4.834009326721629,2024-12-20,5.0,0.81,31.0,31.132,59.9691
677,5.12,4.634566093614613,2024-12-20,5.0,0.9,32.0,32.239,58.3736
678,5.144,4.858566623027757,2024-12-20,5.0,0.79,30.0,30.022,60.2582
679,5.148,4.862344668613315,2024-12-20,5.0,0.69,32.0,32.195,55.0327
680,5.17,4.883123919333885,2024-12-20,5.0,0.8,29.0,29.456,61.1267
681,5.172,4.8850129421266635,2024-12-20,5.0,0.77,30.0,30.204,59.6139
682,5.192,4.903903170054455,2024-12-20,5.0,0.82,29.0,29.655,61.641
683,5.206,4.712412320968297,2024-12-20,5.0,0.92,32.0,32.352,58.8697
684,5.212,4.717843453109251,2024-12-20,5.0,0.92,30.0,30.239,59.4075
685,5.218,4.928460466360582,2024-12-20,5.0,0.78,29.0,29.89,60.2247
686,5.222,4.726895340010842,2024-12-20,5.0,0.83,29.0,29.895,56.7685
687,5.222,4.726895340010842,2024-12-20,5.0,0.9,29.0,29.532,59.0684
688,5.25,4.958684831045048,2024-12-20,5.0,0.69,30.0,30.152,56.2547
689,5.33,4.824655718548025,2024-12-20,5.0,1.05,32.0,32.611,62.2546
690,5.334,4.828276473308661,2024-12-20,5.0,1.08,32.0,32.606,62.8696
691,5.35,4.842759492351207,2024-12-20,5.0,0.97,30.0,30.121,60.7312
692,5.374,4.864484020915025,2024-12-20,5.0,0.99,32.0,32.319,60.747
